date,load_tenn_actual,load_tenn_fitted,load_tenn_lower,load_tenn_upper
2025-11-18 00:00:00+00:00,14300.47575,14214.833,13984.555406496174,14445.110184748806
2025-11-18 01:00:00+00:00,13997.72775,14005.525,13775.2479038501,14235.802682102734
2025-11-18 02:00:00+00:00,13805.1775,13960.656,13730.378512781077,14190.93329103371
2025-11-18 03:00:00+00:00,14230.03,14359.7295,14129.451702047345,14590.006480299977
2025-11-18 04:00:00+00:00,15541.32275,15427.799,15197.52138437844,15658.076162631074
2025-11-18 05:00:00+00:00,17637.90125,17766.113,17535.83568164001,17996.390459892642
2025-11-18 06:00:00+00:00,19481.19475,19553.662,19323.38423909362,19783.939017346253
2025-11-18 07:00:00+00:00,20362.170749999997,20185.17,19954.89237520055,20415.447153453184
2025-11-18 08:00:00+00:00,20551.2405,20414.145,20183.86793775949,20644.422716012123
2025-11-18 09:00:00+00:00,21390.80175,20585.012,20354.734428299133,20815.289206551766
2025-11-18 10:00:00+00:00,22237.71375,20729.838,20499.56114720608,20960.115925458715
2025-11-18 11:00:00+00:00,21367.60925,20183.082,19952.803734637317,20413.35851288995
2025-11-18 12:00:00+00:00,21013.765,19722.537,19492.260669953896,19952.81544820653
2025-11-18 13:00:00+00:00,20346.0415,19237.31,19007.032482518083,19467.587260770717
2025-11-18 14:00:00+00:00,19533.03825,19021.04,18790.761782848997,19251.316561101627
2025-11-18 15:00:00+00:00,19910.76775,19315.486,19085.209805895458,19545.764584148088
2025-11-18 16:00:00+00:00,20740.56125,19993.129,19762.85211910521,20223.406897357843
2025-11-18 17:00:00+00:00,20747.689749999998,19891.324,19661.047573276785,20121.602351529415
2025-11-18 18:00:00+00:00,20208.92775,18997.57,18767.292490997603,19227.847269250233
2025-11-18 19:00:00+00:00,18926.67,17786.965,17556.68838870489,18017.243166957523
2025-11-18 20:00:00+00:00,17753.82675,16756.428,16526.151156482127,16986.705934734757
2025-11-18 21:00:00+00:00,16910.63,15912.666,15682.38868488598,16142.943463138614
2025-11-18 22:00:00+00:00,15614.503,14969.95,14739.67282194033,15200.227600192964
2025-11-18 23:00:00+00:00,14916.69875,14265.379,14035.101078151918,14495.655856404552
2025-11-19 00:00:00+00:00,14287.086,13950.254,13719.976217678626,14180.53099593126
2025-11-19 01:00:00+00:00,13818.74825,13683.038,13452.76032552684,13913.315103779472
2025-11-19 02:00:00+00:00,13857.7285,13709.005,13478.727838042283,13939.282616294917
2025-11-19 03:00:00+00:00,13983.442,14137.157,13906.8800408846,14367.434819137234
2025-11-19 04:00:00+00:00,15136.22975,15375.7295,15145.452361436963,15606.007139689595
2025-11-19 05:00:00+00:00,17379.708749999998,17658.39,17428.114103270393,17888.668881523023
2025-11-19 06:00:00+00:00,19280.1735,19617.672,19387.395422397873,19847.950200650506
2025-11-19 07:00:00+00:00,20312.8985,20165.373,19935.095388927664,20395.650167180298
2025-11-19 08:00:00+00:00,20614.010000000002,20288.064,20057.787011006672,20518.341789259306
2025-11-19 09:00:00+00:00,20723.953,20476.197,20245.91923920597,20706.4740174586
2025-11-19 10:00:00+00:00,21402.01825,20501.219,20270.94134763279,20731.49612588542
2025-11-19 11:00:00+00:00,21005.141750000003,20219.184,19988.905462606745,20449.46024085938
2025-11-19 12:00:00+00:00,20215.16025,19872.113,19641.83670736102,20102.391485613654
2025-11-19 13:00:00+00:00,20023.745750000002,19571.238,19340.960137697402,19801.514915950032
2025-11-19 14:00:00+00:00,19826.572500000002,19266.219,19035.941159056707,19496.49593730934
2025-11-19 15:00:00+00:00,20721.41125,19562.363,19332.086516913103,19792.641295165737
2025-11-19 16:00:00+00:00,21664.22975,20221.094,19990.816389331718,20451.37116758435
2025-11-19 17:00:00+00:00,21581.805,20296.678,20066.4000965979,20526.954874850533
2025-11-19 18:00:00+00:00,20772.1625,19675.725,19445.447156556147,19906.001934808777
2025-11-19 19:00:00+00:00,19689.3465,18586.088,18355.811187420462,18816.365965673096
2025-11-19 20:00:00+00:00,18659.1715,17616.168,17385.89147480947,17846.446253062102
2025-11-19 21:00:00+00:00,17400.46625,16705.83,16475.552003020337,16936.10678127297
2025-11-19 22:00:00+00:00,15994.04725,15863.183,15632.905450683216,16093.46022893585
2025-11-19 23:00:00+00:00,15567.90475,15096.336,14866.058712345783,15326.613490598415
2025-11-20 00:00:00+00:00,14977.14575,14517.871,14287.593797940386,14748.14857619302
2025-11-20 01:00:00+00:00,14791.32225,14349.491,14119.213373108872,14579.768151361506
2025-11-20 02:00:00+00:00,15148.50175,14189.154,13958.876762795184,14419.431541047816
2025-11-20 03:00:00+00:00,14911.4115,14546.663,14316.38570307491,14776.940481327541
2025-11-20 04:00:00+00:00,15799.525249999999,15692.558,15462.280183626506,15922.83496187914
2025-11-20 05:00:00+00:00,18048.94325,17812.729,17582.451362651773,18043.006140904403
2025-11-20 06:00:00+00:00,20552.30625,19630.3,19400.023164188104,19860.577942440734
2025-11-20 07:00:00+00:00,21987.772,20295.031,20064.75406408467,20525.308842337305
2025-11-20 08:00:00+00:00,22595.39125,20458.873,20228.595493067038,20689.150271319668
2025-11-20 09:00:00+00:00,22558.94875,20607.29,20377.01203150681,20837.566809759443
2025-11-20 10:00:00+00:00,22481.2965,20672.152,20441.87557061645,20902.430348869082
2025-11-20 11:00:00+00:00,22139.7625,20301.812,20071.535020596188,20532.08979884882
2025-11-20 12:00:00+00:00,21936.00875,19879.637,19649.359032356297,20109.913810608927
2025-11-20 13:00:00+00:00,21114.898999999998,19521.84,19291.56206153494,19752.116839787574
2025-11-20 14:00:00+00:00,20762.5275,19205.752,18975.47486386202,19436.029642114652
2025-11-20 15:00:00+00:00,21092.265750000002,19740.438,19510.159471248702,19970.714249501332
2025-11-20 16:00:00+00:00,21802.8315,20697.691,20467.413719792476,20927.96849804511
2025-11-20 17:00:00+00:00,21692.2435,20496.424,20266.145756472833,20726.700534725467
2025-11-20 18:00:00+00:00,20897.7325,19645.062,19414.78514858308,19875.339926835713
2025-11-20 19:00:00+00:00,19582.87525,18513.139,18282.861836324617,18743.41661457725
2025-11-20 20:00:00+00:00,18462.48975,17503.797,17273.520164750924,17734.074943003554
2025-11-20 21:00:00+00:00,17606.648,16704.72,16474.443303385993,16934.998081638627
2025-11-20 22:00:00+00:00,16540.72925,15682.454,15452.176921396474,15912.731699649108
2025-11-20 23:00:00+00:00,15810.667000000001,14903.892,14673.613905786555,15134.168684039189
2025-11-21 00:00:00+00:00,15045.712749999999,14417.377,14187.099891669117,14647.65466992175
2025-11-21 01:00:00+00:00,14704.776249999999,14116.107,13885.830339706554,14346.385117959187
2025-11-21 02:00:00+00:00,14647.3115,14080.023,13849.745544848132,14310.300323100766
2025-11-21 03:00:00+00:00,15018.9945,14424.674,14194.396553620716,14654.951331873348
2025-11-21 04:00:00+00:00,16362.79075,15359.823,15129.545966985424,15590.100745238058
2025-11-21 05:00:00+00:00,19016.07575,17201.307,16971.028578668484,17431.583356921117
2025-11-21 06:00:00+00:00,20787.10975,18947.873,18717.595989710517,19178.15076796315
2025-11-21 07:00:00+00:00,21571.827250000002,19827.932,19597.65369407863,20058.208472331262
2025-11-21 08:00:00+00:00,22088.506999999998,20091.488,19861.211698944448,20321.76647719708
2025-11-21 09:00:00+00:00,22086.16975,20107.814,19877.53722980697,20338.092008059604
2025-11-21 10:00:00+00:00,21832.03275,19869.943,19639.665580752106,20100.22035900474
2025-11-21 11:00:00+00:00,21309.4245,19274.691,19044.413079504713,19504.967857757347
2025-11-21 12:00:00+00:00,20477.2385,18691.266,18460.988943084514,18921.543721337148
2025-11-21 13:00:00+00:00,20226.201,18075.203,17844.925816067906,18305.480594320536
2025-11-21 14:00:00+00:00,20131.48825,17995.326,17765.04814009844,18225.60291835107
2025-11-21 15:00:00+00:00,20548.411,18510.72,18280.444257506042,18740.999035758676
2025-11-21 16:00:00+00:00,21533.45475,19079.498,18849.221588217006,19309.776366469636
2025-11-21 17:00:00+00:00,21468.3355,19311.49,19081.21325638941,19541.768034642042
2025-11-21 18:00:00+00:00,20394.952,18465.37,18235.091518327867,18695.6462965805
2025-11-21 19:00:00+00:00,19103.07075,17421.459,17191.18098446701,17651.735762719643
2025-11-21 20:00:00+00:00,17724.08175,16526.178,16295.899449292652,16756.454227545284
2025-11-21 21:00:00+00:00,17296.57325,16054.343,15824.065562229127,16284.620340481759
2025-11-21 22:00:00+00:00,16191.58075,15296.6875,15066.409647111825,15526.964425364456
2025-11-21 23:00:00+00:00,14989.0925,14347.825,14117.547892666173,14578.102670918806
2025-11-22 00:00:00+00:00,14423.076000000001,13760.088,13529.810842576913,13990.365620829547
2025-11-22 01:00:00+00:00,14197.682,13438.279,13208.001762275759,13668.556540528392
2025-11-22 02:00:00+00:00,14002.34875,13243.525,13013.247681746556,13473.802459999188
2025-11-22 03:00:00+00:00,13982.04725,13411.16,13180.88313352118,13641.437911773814
2025-11-22 04:00:00+00:00,14459.0175,13740.961,13510.683300979657,13971.23807923229
2025-11-22 05:00:00+00:00,14985.61675,14260.314,14030.037239688932,14490.592017941566
2025-11-22 06:00:00+00:00,15944.65025,15368.594,15138.316689780824,15598.871468033458
2025-11-22 07:00:00+00:00,16889.3645,16436.773,16206.495305665136,16667.05008391777
2025-11-22 08:00:00+00:00,17841.54875,17252.467,17022.190045539253,17482.744823791883
2025-11-22 09:00:00+00:00,18375.9335,17707.092,17476.814568790403,17937.369347043037
2025-11-22 10:00:00+00:00,18346.86575,17722.314,17492.03760323747,17952.5923814901
2025-11-22 11:00:00+00:00,18174.87975,17326.174,17095.897362920725,17556.45214117336
2025-11-22 12:00:00+00:00,17325.1935,16674.84,16444.56181123747,16905.116589490102
2025-11-22 13:00:00+00:00,16822.46375,16320.71,16090.432493580458,16550.98727183309
2025-11-22 14:00:00+00:00,16620.1535,16324.475,16094.197092996665,16554.751871249297
2025-11-22 15:00:00+00:00,17318.08475,16885.771,16655.494389576223,17116.049167828856
2025-11-22 16:00:00+00:00,18531.51525,17923.725,17693.446564045764,18154.001342298398
2025-11-22 17:00:00+00:00,18626.76275,18061.113,17830.83562351246,18291.390401765093
2025-11-22 18:00:00+00:00,17918.8435,17271.314,17041.037101050275,17501.59187930291
2025-11-22 19:00:00+00:00,16806.214,16225.154,15994.87706207165,16455.431840324283
2025-11-22 20:00:00+00:00,16126.36625,15700.295,15470.017148377847,15930.571926630479
2025-11-22 21:00:00+00:00,15723.89225,15507.207,15276.930088617653,15737.484866870285
2025-11-22 22:00:00+00:00,14882.93325,14924.771,14694.49385671815,15155.048634970784
2025-11-22 23:00:00+00:00,14345.351999999999,13911.899,13681.622050636555,14142.176828889187
2025-11-23 00:00:00+00:00,13917.72875,13351.872,13121.594946950496,13582.149725203128
2025-11-23 01:00:00+00:00,13440.048999999999,13079.51,12849.232562635476,13309.78734088811
2025-11-23 02:00:00+00:00,13340.751250000001,13102.129,12871.851342881695,13332.406121134327
2025-11-23 03:00:00+00:00,13154.1185,13223.724,12993.446336454996,13454.00111470763
2025-11-23 04:00:00+00:00,13173.388500000001,13413.375,13183.09717969858,13643.651957951213
2025-11-23 05:00:00+00:00,13491.37775,13638.741,13408.463810104353,13869.018588356987
2025-11-23 06:00:00+00:00,14505.33675,14282.755,14052.477803133199,14513.032581385833
2025-11-23 07:00:00+00:00,15724.19425,15159.359,14929.082242611188,15389.63702086382
2025-11-23 08:00:00+00:00,16477.10125,15860.462,15630.18435947183,16090.739137724462
2025-11-23 09:00:00+00:00,17258.598250000003,16405.625,16175.34806346907,16635.9028417217
2025-11-23 10:00:00+00:00,17952.81025,16388.174,16157.896857947557,16618.45163620019
2025-11-23 11:00:00+00:00,17945.80375,15949.141,15718.86288890544,16179.417667158074
2025-11-23 12:00:00+00:00,17142.13225,15376.517,15146.239625357719,15606.794403610353
2025-11-23 13:00:00+00:00,16359.1195,15275.863,15045.585734718377,15506.140512971011
2025-11-23 14:00:00+00:00,16151.31925,15608.313,15378.036332228554,15838.591110481186
2025-11-23 15:00:00+00:00,17385.44875,16641.365,16411.088236219497,16871.64301447213
2025-11-23 16:00:00+00:00,18365.1735,17886.709,17656.43195697321,18116.98673522584
2025-11-23 17:00:00+00:00,18345.333749999998,18176.613,17946.336541324566,18406.8913195772
2025-11-23 18:00:00+00:00,17584.33225,17523.73,17293.452448257274,17754.007226509908
2025-11-23 19:00:00+00:00,16774.68775,16519.492,16289.215187551148,16749.76996580378
2025-11-23 20:00:00+00:00,16230.51375,15826.21,15595.932960270959,16056.487738523592
2025-11-23 21:00:00+00:00,15924.62875,15679.257,15448.97962311254,15909.534401365172
2025-11-23 22:00:00+00:00,15034.22125,15008.4,14778.123138875084,15238.677917127716
2025-11-23 23:00:00+00:00,14363.3975,14350.975,14120.697283658334,14581.252061910965
2025-11-24 00:00:00+00:00,13719.84875,13628.885,13398.607398263573,13859.162176516205
2025-11-24 01:00:00+00:00,13278.9765,13076.683,12846.40523606152,13306.960014314152
2025-11-24 02:00:00+00:00,13379.0775,13016.854,12786.575692902403,13247.130471155037
2025-11-24 03:00:00+00:00,14026.328,13219.091,12988.813705531633,13449.368483784267
2025-11-24 04:00:00+00:00,15385.908500000001,13906.381,13676.103700649495,14136.658478902127
2025-11-24 05:00:00+00:00,18119.281750000002,15476.669,15246.391935454034,15706.946713706666
2025-11-24 06:00:00+00:00,20144.2625,17190.873,16960.596357226288,17421.15113547892
2025-11-24 07:00:00+00:00,21376.380250000002,18782.441,18552.163518912042,19012.718297164676
2025-11-24 08:00:00+00:00,21935.96575,19464.188,19233.910015858186,19694.464794110816
2025-11-24 09:00:00+00:00,22274.91375,19615.176,19384.898040006647,19845.45281825928
2025-11-24 10:00:00+00:00,22468.038500000002,19880.814,19650.537643943993,20111.092422196623
2025-11-24 11:00:00+00:00,21973.0845,19893.217,19662.939387381415,20123.49416563405
2025-11-24 12:00:00+00:00,21757.19,19436.19,19205.91304484074,19666.46782309337
2025-11-24 13:00:00+00:00,21491.397,19044.336,18814.05906111732,19274.61383936995
2025-11-24 14:00:00+00:00,21327.07575,18772.83,18542.552553353536,19003.10733160617
2025-11-24 15:00:00+00:00,21495.23025,19153.143,18922.865196864008,19383.41997511664
2025-11-24 16:00:00+00:00,21793.52,19663.842,19433.564806959217,19894.11958521185
2025-11-24 17:00:00+00:00,21560.798499999997,19628.744,19398.467665139648,19859.022443392278
2025-11-24 18:00:00+00:00,20692.15225,18834.58,18604.30308251149,19064.857860764125
2025-11-24 19:00:00+00:00,19338.05875,17685.693,17455.416481427546,17915.97125968018
2025-11-24 20:00:00+00:00,18162.0695,16917.799,16687.52169249444,17148.076470747073
2025-11-24 21:00:00+00:00,17383.76375,16093.608,15863.330533649094,16323.885311901728
2025-11-24 22:00:00+00:00,16297.1595,15217.032,14986.755119367568,15447.3098976202
2025-11-24 23:00:00+00:00,15560.94975,14492.6,14262.321716558054,14722.876494810687
2025-11-25 00:00:00+00:00,15114.3635,15011.265,14780.987181798642,15241.541960051276
2025-11-25 01:00:00+00:00,14735.584499999999,14581.182,14350.9045204746,14811.459298727234
2025-11-25 02:00:00+00:00,14729.8685,14450.102,14219.82396695696,14680.378745209593
2025-11-25 03:00:00+00:00,15194.12225,14632.022,14401.744677372704,14862.299455625338
2025-11-25 04:00:00+00:00,16636.91225,15648.37,15418.092737976569,15878.6475162292
2025-11-25 05:00:00+00:00,19096.54525,17973.006,17742.728623249666,18203.283401502296
2025-11-25 06:00:00+00:00,20945.84775,19998.346,19768.068187912664,20228.622966165298
2025-11-25 07:00:00+00:00,21865.72175,20906.467,20676.18992512398,21136.744703376615
2025-11-25 08:00:00+00:00,22056.48875,21130.66,20900.382973578988,21360.93775183162
2025-11-25 09:00:00+00:00,22057.5265,21269.426,21039.1483093648,21499.703087617432
2025-11-25 10:00:00+00:00,22147.57,21400.822,21170.54522704545,21631.100005298085
2025-11-25 11:00:00+00:00,21930.89225,21361.143,21130.865750671837,21591.42052892447
2025-11-25 12:00:00+00:00,21585.512,21050.996,20820.718889524564,21281.273667777194
2025-11-25 13:00:00+00:00,21282.15225,20787.295,20557.018378279008,21017.573156531642
2025-11-25 14:00:00+00:00,21288.9025,20672.89,20442.6122447724,20903.16702302503
2025-11-25 15:00:00+00:00,21671.366,21016.584,20786.306113636852,21246.860891889482
2025-11-25 16:00:00+00:00,22024.46725,21557.037,21326.76004989349,21787.314828146125
2025-11-25 17:00:00+00:00,21807.00825,21341.79,21111.511707758084,21572.066486010717
2025-11-25 18:00:00+00:00,21216.120750000002,20704.498,20474.2215010343,20934.77627928693
2025-11-25 19:00:00+00:00,19977.71225,19394.912,19164.634143922798,19625.18892217543
2025-11-25 20:00:00+00:00,18868.69125,18430.025,18199.74842726233,18660.303205514963
2025-11-25 21:00:00+00:00,17727.239,17422.326,17192.049267456012,17652.604045708646
2025-11-25 22:00:00+00:00,16502.19575,16413.123,16182.845198366042,16643.399976618675
2025-11-25 23:00:00+00:00,15718.1025,15650.649,15420.371708384031,15880.926486636663
2025-11-26 00:00:00+00:00,15262.351999999999,14916.251,14685.973567928317,15146.52834618095
2025-11-26 01:00:00+00:00,14777.01075,14471.862,14241.584858797169,14702.139637049802
2025-11-26 02:00:00+00:00,14794.819,14454.237,14223.959837406019,14684.514615658652
2025-11-26 03:00:00+00:00,15120.815,14638.758,14408.480031842708,14869.03481009534
2025-11-26 04:00:00+00:00,16539.072500000002,15678.407,15448.1297611688,15908.684539421434
2025-11-26 05:00:00+00:00,18971.9885,17967.152,17736.874461170122,18197.429239422756
2025-11-26 06:00:00+00:00,20758.98,19861.305,19631.026676357964,20091.581454610598
2025-11-26 07:00:00+00:00,21713.06225,20906.85,20676.571506912544,21137.126285165177
2025-11-26 08:00:00+00:00,21905.204,21025.932,20795.654196838386,21256.208975091016
2025-11-26 09:00:00+00:00,21948.722999999998,21133.02,20902.74287922741,21363.297657480045
2025-11-26 10:00:00+00:00,22103.002249999998,21191.49,20961.21341448754,21421.768192740175
2025-11-26 11:00:00+00:00,22008.36125,21022.936,20792.658880390904,21253.213658643537
2025-11-26 12:00:00+00:00,21801.153,20821.564,20591.28730655047,21051.842084803102
2025-11-26 13:00:00+00:00,21464.5595,20496.207,20265.929146775637,20726.483925028268
2025-11-26 14:00:00+00:00,21275.141,20304.744,20074.4666283092,20535.02140656183
2025-11-26 15:00:00+00:00,21539.2105,20697.617,20467.34028709327,20927.895065345903
2025-11-26 16:00:00+00:00,21969.89175,21397.621,21167.34268955638,21627.897467809013
2025-11-26 17:00:00+00:00,21995.997,21238.764,21008.485295464347,21469.04007371698
2025-11-26 18:00:00+00:00,21317.9935,20376.557,20146.27978442214,20606.834562674772
2025-11-26 19:00:00+00:00,20025.824,19178.105,18947.827955575034,19408.382733827664
2025-11-26 20:00:00+00:00,18839.88175,17924.31,17694.033690330278,18154.588468582908
2025-11-26 21:00:00+00:00,18041.148999999998,16997.773,16767.495434529304,17228.050212781935
2025-11-26 22:00:00+00:00,16762.152000000002,16042.217,15811.939862031979,16272.49464028461
2025-11-26 23:00:00+00:00,15487.168,15234.147,15003.870051746546,15464.424829999178
2025-11-27 00:00:00+00:00,14907.973,14452.132,14221.854012249936,14682.40879050257
2025-11-27 01:00:00+00:00,14454.46075,14235.034,14004.756440269251,14465.311218521885
2025-11-27 02:00:00+00:00,14504.3705,14278.21,14047.932855547017,14508.48763379965
2025-11-27 03:00:00+00:00,14940.5795,14647.16,14416.88313009203,14877.437908344662
2025-11-27 04:00:00+00:00,16257.30775,15709.731,15479.454172325792,15940.008950578425
2025-11-27 05:00:00+00:00,18685.502999999997,17782.973,17552.695695253824,18013.250473506458
2025-11-27 06:00:00+00:00,20806.857,19716.477,19486.199286832758,19946.75406508539
2025-11-27 07:00:00+00:00,21793.35525,20364.23,20133.952144302177,20594.50692255481
2025-11-27 08:00:00+00:00,21899.196,20537.307,20307.028322000548,20767.583100253178
2025-11-27 09:00:00+00:00,22084.892,20948.436,20718.158892228974,21178.713670481604
2025-11-27 10:00:00+00:00,22470.2545,21204.69,20974.4121877241,21434.96696597673
2025-11-27 11:00:00+00:00,22310.18725,21189.756,20959.478525055183,21420.033303307817
2025-11-27 12:00:00+00:00,22033.71325,21004.283,20774.004962938063,21234.559741190697
2025-11-27 13:00:00+00:00,21353.177,20702.916,20472.639177255536,20933.19395550817
2025-11-27 14:00:00+00:00,21214.174,20562.262,20331.984039219868,20792.5388174725
2025-11-27 15:00:00+00:00,21377.6535,21097.068,20866.79002851117,21327.344806763802
2025-11-27 16:00:00+00:00,22020.21225,21536.084,21305.80658243541,21766.361360688043
2025-11-27 17:00:00+00:00,21683.42725,21200.703,20970.42536218279,21430.980140435422
2025-11-27 18:00:00+00:00,20774.837,20422.04,20191.76245588772,20652.317234140355
2025-11-27 19:00:00+00:00,19767.35725,19282.127,19051.850571290404,19512.405349543034
2025-11-27 20:00:00+00:00,18540.23025,18203.926,17973.648978755584,18434.203757008218
2025-11-27 21:00:00+00:00,17649.61575,17456.658,17226.380563225426,17686.93534147806
2025-11-27 22:00:00+00:00,16380.4765,16511.559,16281.28177356398,16741.83655181661
2025-11-27 23:00:00+00:00,15616.679,15735.122,15504.844638787408,15965.399417040042
2025-11-28 00:00:00+00:00,15010.807999999999,15124.385,14894.10732096906,15354.662099221692
2025-11-28 01:00:00+00:00,14485.00775,14657.138,14426.860420873738,14887.415199126372
2025-11-28 02:00:00+00:00,14531.6425,14446.205,14215.927926362268,14676.4827046149
2025-11-28 03:00:00+00:00,14740.61975,14558.895,14328.61752861132,14789.172306863951
2025-11-28 04:00:00+00:00,15850.913,15572.199,15341.921778684951,15802.476556937585
2025-11-28 05:00:00+00:00,18265.027000000002,17661.521,17431.24438164221,17891.799159894843
2025-11-28 06:00:00+00:00,19949.48225,19606.223,19375.945286267954,19836.500064520587
2025-11-28 07:00:00+00:00,20827.446750000003,20466.217,20235.938762987535,20696.49354124017
2025-11-28 08:00:00+00:00,20905.0815,20555.004,20324.726608436336,20785.28138668897
2025-11-28 09:00:00+00:00,21153.64975,20759.797,20529.519676626947,20990.074454879577
2025-11-28 10:00:00+00:00,21311.89175,20845.377,20615.099619640612,21075.654397893246
2025-11-28 11:00:00+00:00,20940.20575,20616.375,20386.09723235137,20846.652010604004
2025-11-28 12:00:00+00:00,20368.073,20038.137,19807.859322226166,20268.4141004788
2025-11-28 13:00:00+00:00,19743.7115,19570.035,19339.75738385243,19800.312162105063
2025-11-28 14:00:00+00:00,19603.172,19378.85,19148.57250134463,19609.127279597265
2025-11-28 15:00:00+00:00,19977.5545,19802.047,19571.77017649995,20032.32495475258
2025-11-28 16:00:00+00:00,20374.7525,20839.967,20609.689071538458,21070.24384979109
2025-11-28 17:00:00+00:00,20068.8465,20663.535,20433.25712007916,20893.811898331795
2025-11-28 18:00:00+00:00,19314.64125,19912.504,19682.226033160285,20142.780811412915
2025-11-28 19:00:00+00:00,18272.19125,18744.945,18514.668916821625,18975.223695074255
2025-11-28 20:00:00+00:00,17286.86525,17596.443,17366.165574071885,17826.72035232452
2025-11-28 21:00:00+00:00,16617.93375,16698.914,16468.636922857302,16929.191701109936
2025-11-28 22:00:00+00:00,15254.35625,15533.207,15302.92945550033,15763.484233752964
2025-11-28 23:00:00+00:00,14443.06025,14646.169,14415.891788652763,14876.446566905395
2025-11-29 00:00:00+00:00,13687.06975,14133.621,13903.343367848689,14363.89814610132
2025-11-29 01:00:00+00:00,12956.14025,13873.578,13643.30057623454,14103.855354487174
2025-11-29 02:00:00+00:00,12588.75775,13788.092,13557.814016813241,14018.368795065873
2025-11-29 03:00:00+00:00,12644.62625,13795.265,13564.987285005443,14025.542063258077
2025-11-29 04:00:00+00:00,12991.647,14134.977,13904.698687347258,14365.25346559989
2025-11-29 05:00:00+00:00,13622.2515,14578.761,14348.483672392018,14809.038450644652
2025-11-29 06:00:00+00:00,14708.2305,15350.268,15119.990620828657,15580.545399081291
2025-11-29 07:00:00+00:00,15979.543249999999,16507.408,16277.130562722277,16737.68534097491
2025-11-29 08:00:00+00:00,16707.37675,17369.127,17138.850127009588,17599.40490526222
2025-11-29 09:00:00+00:00,17057.796,17873.252,17642.974995707482,18103.529773960116
2025-11-29 10:00:00+00:00,17530.879,18063.146,17832.869441033134,18293.424219285767
2025-11-29 11:00:00+00:00,17407.872499999998,17961.49,17731.212766530505,18191.767544783135
2025-11-29 12:00:00+00:00,17106.59275,17413.969,17183.691687420924,17644.246465673554
2025-11-29 13:00:00+00:00,16724.64675,17107.398,16877.120059859368,17337.674838112
2025-11-29 14:00:00+00:00,16619.64075,17037.43,16807.153031982263,17267.707810234897
2025-11-29 15:00:00+00:00,17199.52075,17646.45,17416.1722363031,17876.727014555734
2025-11-29 16:00:00+00:00,17758.918999999998,18620.957,18390.679480759634,18851.234259012268
2025-11-29 17:00:00+00:00,17665.730499999998,18555.99,18325.71283409289,18786.267612345524
2025-11-29 18:00:00+00:00,16982.51475,17860.057,17629.77873728939,18090.333515542025
2025-11-29 19:00:00+00:00,15905.3945,16820.148,16589.871878253565,17050.4266565062
2025-11-29 20:00:00+00:00,15278.86175,15837.926,15607.648313478638,16068.203091731271
2025-11-29 21:00:00+00:00,15022.8845,15366.626,15136.348592849392,15596.903371102026
2025-11-29 22:00:00+00:00,14098.715750000001,14510.088,14279.81001565194,14740.364793904571
2025-11-29 23:00:00+00:00,13137.688,13588.645,13358.366782062929,13818.921560315563
2025-11-30 00:00:00+00:00,12537.6565,13033.999,12803.721557548513,13264.276335801145
2025-11-30 01:00:00+00:00,12227.883,12927.496,12697.218827862045,13157.773606114679
2025-11-30 02:00:00+00:00,11984.8575,12876.723,12646.445648962417,13107.00042721505
2025-11-30 03:00:00+00:00,11813.74,13095.887,12865.609731103834,13326.164509356468
2025-11-30 04:00:00+00:00,12122.37525,13308.127,13077.850015044867,13538.4047932975
2025-11-30 05:00:00+00:00,12730.14125,13509.266,13278.988046077102,13739.542824329736
2025-11-30 06:00:00+00:00,13421.5945,14080.319,13850.042125772548,14310.59690402518
2025-11-30 07:00:00+00:00,14739.1975,15024.102,14793.823988830673,15254.378767083304
2025-11-30 08:00:00+00:00,15553.20775,15931.981,15701.704188206744,16162.258966459378
2025-11-30 09:00:00+00:00,16009.73825,16610.53,16380.251113053922,16840.805891306554
2025-11-30 10:00:00+00:00,16563.7345,16719.22,16488.944165796926,16949.49894404956
2025-11-30 11:00:00+00:00,16692.384250000003,16673.52,16443.24278895209,16903.797567204725
2025-11-30 12:00:00+00:00,16352.38575,16246.8955,16016.617709623208,16477.17248787584
2025-11-30 13:00:00+00:00,15947.48875,16170.884,15940.606294606432,16401.161072859064
2025-11-30 14:00:00+00:00,16164.681,16111.344,15881.066647145975,16341.621425398609
2025-11-30 15:00:00+00:00,16977.34575,16980.791,16750.51269777435,17211.067476026983
2025-11-30 16:00:00+00:00,17887.6485,17693.857,17463.58075574989,17924.135534002522
2025-11-30 17:00:00+00:00,17786.4425,17791.621,17561.343988303575,18021.89876655621
2025-11-30 18:00:00+00:00,17074.87,17176.186,16945.908895285185,17406.46367353782
2025-11-30 19:00:00+00:00,16381.64875,16282.642,16052.364345225244,16512.919123477877
2025-11-30 20:00:00+00:00,15649.330750000001,15495.56,15265.282455410877,15725.83723366351
2025-11-30 21:00:00+00:00,15408.327,15152.537,14922.259665854057,15382.81444410669
2025-11-30 22:00:00+00:00,14556.59475,14303.999,14073.721480642249,14534.276258894883
2025-11-30 23:00:00+00:00,13793.8465,13817.273,13586.995802637264,14047.550580889896
2025-12-01 00:00:00+00:00,13345.65325,13479.103,13248.825313396805,13709.380091649437
2025-12-01 01:00:00+00:00,12946.40225,13214.353,12984.075452232704,13444.630230485336
2025-12-01 02:00:00+00:00,12941.797,13285.407,13055.129803787191,13515.684582039823
2025-12-01 03:00:00+00:00,13645.3975,13771.783,13541.505922025413,14002.060700278047
2025-12-01 04:00:00+00:00,15028.830249999999,15426.357,15196.079932347413,15656.634710600047
2025-12-01 05:00:00+00:00,17520.80475,17554.11,17323.831790634773,17784.386568887407
2025-12-01 06:00:00+00:00,19379.8565,19731.393,19501.116184045237,19961.670962297867
2025-12-01 07:00:00+00:00,20257.94375,20318.088,20087.809919780266,20548.3646980329
2025-12-01 08:00:00+00:00,20595.14675,20533.943,20303.665842057042,20764.220620309672
2025-12-01 09:00:00+00:00,20883.636,20700.527,20470.25043502204,20930.80521327467
2025-12-01 10:00:00+00:00,21107.8705,20714.086,20483.809330262917,20944.36410851555
2025-12-01 11:00:00+00:00,21103.328,20595.227,20364.948279671204,20825.503057923837
2025-12-01 12:00:00+00:00,20468.622499999998,20200.451,19970.174088745152,20430.728866997786
2025-12-01 13:00:00+00:00,20055.47625,19899.398,19669.121481788916,20129.67626004155
2025-12-01 14:00:00+00:00,19991.87825,19682.96,19452.68413348282,19913.23891173545
2025-12-01 15:00:00+00:00,20596.31775,20128.244,19897.966609096755,20358.52138734939
2025-12-01 16:00:00+00:00,21410.362,21011.37,20781.09138606591,21241.646164318543
2025-12-01 17:00:00+00:00,21316.63825,21050.043,20819.765270362284,21280.320048614914
2025-12-01 18:00:00+00:00,20580.639499999997,20556.564,20326.286801812596,20786.84158006523
2025-12-01 19:00:00+00:00,19378.493000000002,19497.652,19267.37453752968,19727.92931578231
2025-12-01 20:00:00+00:00,18239.28275,18424.44,18194.162009522126,18654.716787774756
2025-12-01 21:00:00+00:00,17201.249,17634.365,17404.08685702869,17864.641635281325
2025-12-01 22:00:00+00:00,15831.420250000001,16645.68,16415.402071988665,16875.956850241295
2025-12-01 23:00:00+00:00,15154.499,15864.236,15633.95941503169,16094.514193284322
2025-12-02 00:00:00+00:00,14747.06,14649.989,14419.711881729783,14880.266659982417
2025-12-02 01:00:00+00:00,14594.417000000001,14410.012,14179.734323691555,14640.289101944187
2025-12-02 02:00:00+00:00,14883.6225,14373.649,14143.37172521993,14603.926503472563
2025-12-02 03:00:00+00:00,15084.52075,14578.49,14348.213245579649,14808.768023832283
2025-12-02 04:00:00+00:00,16208.419249999999,15602.491,15372.213940688964,15832.768718941596
2025-12-02 05:00:00+00:00,18673.891499999998,17928.809,17698.530856365607,18159.08563461824
2025-12-02 06:00:00+00:00,20200.97375,19975.854,19745.575986862565,20206.1307651152
2025-12-02 07:00:00+00:00,21076.4235,20920.783,20690.506618995925,21151.06139724856
2025-12-02 08:00:00+00:00,21112.249499999998,20980.688,20750.41060078163,21210.965379034264
2025-12-02 09:00:00+00:00,21175.85025,21302.506,21072.227896156444,21532.782674409074
2025-12-02 10:00:00+00:00,21142.64875,21407.11,21176.83093197375,21637.385710226383
2025-12-02 11:00:00+00:00,21064.93,21249.121,21018.844000380057,21479.398778632687
2025-12-02 12:00:00+00:00,20978.2295,20828.525,20598.247988755018,21058.80276700765
2025-12-02 13:00:00+00:00,20777.817750000002,20410.125,20179.848251923555,20640.40303017619
2025-12-02 14:00:00+00:00,20719.26625,20470.58,20240.301805371353,20700.856583623983
2025-12-02 15:00:00+00:00,21057.97075,20962.852,20732.57483760304,21193.129615855672
2025-12-02 16:00:00+00:00,21517.3295,21426.21,21195.932822422656,21656.487600675286
2025-12-02 17:00:00+00:00,21257.8,21207.936,20977.657980090786,21438.21275834342
2025-12-02 18:00:00+00:00,20494.3915,20417.086,20186.80792820072,20647.362706453354
2025-12-02 19:00:00+00:00,19363.7565,19264.395,19034.11774801435,19494.672526266982
2025-12-02 20:00:00+00:00,18208.43225,18187.338,17957.060062572396,18417.61484082503
2025-12-02 21:00:00+00:00,17358.88325,17237.207,17006.9292888152,17467.48406706783
2025-12-02 22:00:00+00:00,16122.65275,16184.657,15954.379473337429,16414.93425159006
2025-12-02 23:00:00+00:00,15435.71475,15332.496,15102.218692125456,15562.77347037809
2025-12-03 00:00:00+00:00,14950.045750000001,14959.56,14729.282262657389,15189.83704091002
2025-12-03 01:00:00+00:00,14419.1785,14564.564,14334.287522151875,14794.842300404507
2025-12-03 02:00:00+00:00,14591.75925,14440.005,14209.72764143453,14670.282419687164
2025-12-03 03:00:00+00:00,14955.7175,14685.504,14455.22656724198,14915.781345494614
2025-12-03 04:00:00+00:00,16189.34275,15838.614,15608.336591786934,16068.891370039568
2025-12-03 05:00:00+00:00,18722.163249999998,18197.268,17966.99091303977,18427.545691292402
2025-12-03 06:00:00+00:00,20518.683250000002,20069.732,19839.455166122912,20300.009944375546
2025-12-03 07:00:00+00:00,21269.43725,20773.146,20542.868668353203,21003.423446605833
2025-12-03 08:00:00+00:00,21534.4305,20957.947,20727.670606285355,21188.22538453799
2025-12-03 09:00:00+00:00,21730.19625,21055.322,20825.04471259508,21285.599490847715
2025-12-03 10:00:00+00:00,21974.6115,21221.752,20991.47405743345,21452.02883568608
2025-12-03 11:00:00+00:00,21966.40025,20991.049,20760.771317552113,21221.326095804743
2025-12-03 12:00:00+00:00,21758.4745,20813.102,20582.823768830684,21043.378547083314
2025-12-03 13:00:00+00:00,21601.518,20503.611,20273.333778266704,20733.888556519338
2025-12-03 14:00:00+00:00,21427.7035,20460.047,20229.76974563606,20690.324523888692
2025-12-03 15:00:00+00:00,21634.07625,20827.47,20597.192435617588,21057.74721387022
2025-12-03 16:00:00+00:00,21991.7405,21491.033,21260.755118509453,21721.309896762086
2025-12-03 17:00:00+00:00,21770.4985,21194.64,20964.36263782514,21424.91741607777
2025-12-03 18:00:00+00:00,21045.447,20411.197,20180.920570517428,20641.47534877006
2025-12-03 19:00:00+00:00,19735.76075,19265.34,19035.061978521022,19495.616756773652
2025-12-03 20:00:00+00:00,18415.1075,18239.352,18009.07354993942,18469.628328192055
2025-12-03 21:00:00+00:00,17470.424,17386.55,17156.27429823259,17616.829076485225
2025-12-03 22:00:00+00:00,16264.85125,16303.601,16073.323135715746,16533.87791396838
2025-12-03 23:00:00+00:00,15649.827,15349.328,15119.051126563429,15579.605904816062
2025-12-04 00:00:00+00:00,15145.3745,14832.654,14602.376726929595,15062.931505182229
2025-12-04 01:00:00+00:00,14720.032500000001,14475.752,14245.474193209286,14706.02897146192
2025-12-04 02:00:00+00:00,14922.98525,14375.798,14145.520050808087,14606.07482906072
2025-12-04 03:00:00+00:00,15106.9295,14523.568,14293.290951520374,14753.845729773007
2025-12-04 04:00:00+00:00,16309.52675,15722.91,15492.632816536212,15953.187594788846
2025-12-04 05:00:00+00:00,18669.75125,17929.91,17699.632346853683,18160.187125106313
2025-12-04 06:00:00+00:00,20455.004249999998,19849.418,19619.14063836062,20079.69541661325
2025-12-04 07:00:00+00:00,21523.205,20653.018,20422.740484563794,20883.295262816428
2025-12-04 08:00:00+00:00,21830.6405,20727.848,20497.570081599326,20958.12485985196
2025-12-04 09:00:00+00:00,22204.79925,20814.781,20584.50299694766,21045.057775200294
2025-12-04 10:00:00+00:00,22356.90525,20936.111,20705.83326396378,21166.388042216415
2025-12-04 11:00:00+00:00,22055.485249999998,20682.15,20451.873818218708,20912.428596471338
2025-12-04 12:00:00+00:00,21895.19125,20262.305,20032.027222496516,20492.58200074915
2025-12-04 13:00:00+00:00,21573.79075,19807.326,19577.047942187102,20037.602720439736
2025-12-04 14:00:00+00:00,21647.75775,19649.217,19418.93929337966,19879.49407163229
2025-12-04 15:00:00+00:00,22107.244,20276.455,20046.17760304058,20506.73238129321
2025-12-04 16:00:00+00:00,22391.8825,21093.486,20863.20926232482,21323.764040577455
2025-12-04 17:00:00+00:00,22021.93175,20832.176,20601.898834549283,21062.453612801917
2025-12-04 18:00:00+00:00,21173.18025,20177.422,19947.14505777986,20407.699836032494
2025-12-04 19:00:00+00:00,20013.8455,19031.113,18800.83547500523,19261.390253257865
2025-12-04 20:00:00+00:00,19015.406750000002,17877.713,17647.434607120387,18107.98938537302
2025-12-04 21:00:00+00:00,18019.353,17036.559,16806.280641456433,17266.835419709067
2025-12-04 22:00:00+00:00,16896.998,16006.844,15776.566446447105,16237.121224699738
2025-12-04 23:00:00+00:00,16033.08375,15214.552,14984.274376691856,15444.82915494449
2025-12-05 00:00:00+00:00,15412.86,14635.339,14405.06138762013,14865.616165872763
2025-12-05 01:00:00+00:00,15166.84775,14303.049,14072.771046916694,14533.325825169328
2025-12-05 02:00:00+00:00,15102.06275,14217.061,13986.783032693289,14447.337810945923
2025-12-05 03:00:00+00:00,15455.56,14581.185,14350.907286774913,14811.462065027545
2025-12-05 04:00:00+00:00,16551.541250000002,15636.099,15405.821241178859,15866.376019431491
2025-12-05 05:00:00+00:00,18847.49675,17784.059,17553.781090903718,18014.33586915635
2025-12-05 06:00:00+00:00,20663.0645,19620.494,19390.21738402577,19850.7721622784
2025-12-05 07:00:00+00:00,21559.836,20475.084,20244.807018825773,20705.361797078403
2025-12-05 08:00:00+00:00,21670.079250000003,20645.754,20415.47601228856,20876.03079054119
2025-12-05 09:00:00+00:00,21717.38425,20719.746,20489.468342429504,20950.023120682137
2025-12-05 10:00:00+00:00,21777.2345,20783.502,20553.22469079588,21013.779469048513
2025-12-05 11:00:00+00:00,21460.255,20636.67,20406.391817371383,20866.946595624016
2025-12-05 12:00:00+00:00,21130.5055,20173.162,19942.883949371197,20403.43872762383
2025-12-05 13:00:00+00:00,20668.7245,19721.434,19491.1554910654,19951.710269318035
2025-12-05 14:00:00+00:00,20562.3165,19331.51,19101.23255261468,19561.787330867315
2025-12-05 15:00:00+00:00,21063.08325,19556.066,19325.788405547042,19786.343183799676
2025-12-05 16:00:00+00:00,21324.29925,20234.104,20003.82604821964,20464.380826472272
2025-12-05 17:00:00+00:00,20900.38725,20179.166,19948.889000558695,20409.44377881133
2025-12-05 18:00:00+00:00,19906.93725,19460.71,19230.434536738278,19690.98931499091
2025-12-05 19:00:00+00:00,18710.194499999998,18420.822,18190.545365258997,18651.10014351163
2025-12-05 20:00:00+00:00,17495.09225,17363.947,17133.670439242604,17594.225217495237
2025-12-05 21:00:00+00:00,16782.46475,16540.092,16309.813478814562,16770.368257067195
2025-12-05 22:00:00+00:00,15522.606749999999,15590.625,15360.347413491549,15820.902191744182
2025-12-05 23:00:00+00:00,14202.766,14626.625,14396.34712249929,14856.901900751924
2025-12-06 00:00:00+00:00,13698.48775,14075.606,13845.328853003712,14305.883631256345
2025-12-06 01:00:00+00:00,13433.52975,14023.61,13793.332801711385,14253.88757996402
2025-12-06 02:00:00+00:00,13238.36925,13994.049,13763.771781262702,14224.326559515335
2025-12-06 03:00:00+00:00,13508.83375,13954.591,13724.312938295832,14184.867716548464
2025-12-06 04:00:00+00:00,14045.90525,14297.432,14067.153780736642,14527.708558989274
2025-12-06 05:00:00+00:00,14579.4815,15059.566,14829.288629455397,15289.84340770803
2025-12-06 06:00:00+00:00,15325.07825,16281.2705,16050.992930888493,16511.547709141127
2025-12-06 07:00:00+00:00,16409.62925,17813.572,17583.295335728937,18043.850113981567
2025-12-06 08:00:00+00:00,17102.9205,18367.145,18136.86807399492,18597.42285224755
2025-12-06 09:00:00+00:00,17427.45525,18641.53,18411.25119877459,18871.805977027223
2025-12-06 10:00:00+00:00,17648.5175,18761.979,18531.700273400253,18992.255051652883
2025-12-06 11:00:00+00:00,17457.48575,18896.016,18665.737750470125,19126.292528722755
2025-12-06 12:00:00+00:00,16923.24025,18418.355,18188.078328343923,18648.633106596557
2025-12-06 13:00:00+00:00,16450.81075,17965.875,17735.597268698562,18196.152046951192
2025-12-06 14:00:00+00:00,16428.04425,17940.488,17710.21051159418,18170.765289846815
2025-12-06 15:00:00+00:00,16969.9505,18449.871,18219.593865704326,18680.14864395696
2025-12-06 16:00:00+00:00,17344.811999999998,18895.035,18664.757306577543,19125.312084830177
2025-12-06 17:00:00+00:00,17303.105750000002,18886.748,18656.471482696015,19117.026260948645
2025-12-06 18:00:00+00:00,16758.13775,18103.441,17873.16471262177,18333.719490874402
2025-12-06 19:00:00+00:00,15668.868999999999,17071.672,16841.393794286905,17301.94857253954
2025-12-06 20:00:00+00:00,14849.23325,16305.59,16075.31227329501,16535.867051547644
2025-12-06 21:00:00+00:00,14610.9765,15545.143,15314.864846810071,15775.419625062703
2025-12-06 22:00:00+00:00,13413.9675,14637.89,14407.612084162834,14868.166862415468
2025-12-06 23:00:00+00:00,12534.4595,13656.362,13426.084472476829,13886.639250729462
2025-12-07 00:00:00+00:00,11911.276,13206.041,12975.764144857387,13436.31892311002
2025-12-07 01:00:00+00:00,11449.929,12966.559,12736.281000129558,13196.83577838219
2025-12-07 02:00:00+00:00,11192.9795,12836.849,12606.571357984976,13067.12613623761
2025-12-07 03:00:00+00:00,11169.534749999999,12880.794,12650.516301785927,13111.07108003856
2025-12-07 04:00:00+00:00,11336.23975,12969.169,12738.891381697187,13199.44615994982
2025-12-07 05:00:00+00:00,11616.40625,13096.563,12866.286384925732,13326.841163178366
2025-12-07 06:00:00+00:00,12281.8705,13528.468,13298.190696919208,13758.745475171841
2025-12-07 07:00:00+00:00,13341.374749999999,14201.496,13971.219156516812,14431.773934769444
2025-12-07 08:00:00+00:00,14474.34275,15037.799,14807.521031432612,15268.075809685244
2025-12-07 09:00:00+00:00,15191.444,15650.974,15420.696015182031,15881.250793434665
2025-12-07 10:00:00+00:00,15984.06725,16146.918,15916.640137496634,16377.194915749267
2025-12-07 11:00:00+00:00,15955.734,16115.7,15885.42321387224,16345.977992124874
2025-12-07 12:00:00+00:00,15388.25,15854.499,15624.221846700642,16084.776624953276
2025-12-07 13:00:00+00:00,14990.3495,15475.431,15245.15313587772,15705.707914130351
2025-12-07 14:00:00+00:00,15043.27675,15431.418,15201.140501546393,15661.695279799027
2025-12-07 15:00:00+00:00,15808.42725,16054.313,15824.035677803024,16284.590456055656
2025-12-07 16:00:00+00:00,16669.994749999998,16890.135,16659.85692899634,17120.411707248975
2025-12-07 17:00:00+00:00,16681.472,16945.36,16715.082677817172,17175.637456069806
2025-12-07 18:00:00+00:00,16494.64525,16399.967,16169.689512352534,16630.244290605166
2025-12-07 19:00:00+00:00,15807.5185,15497.26,15266.982221211996,15727.536999464628
2025-12-07 20:00:00+00:00,15339.1195,15079.78,14849.503327075472,15310.058105328106
2025-12-07 21:00:00+00:00,15071.19975,14798.162,14567.884650432925,15028.439428685559
2025-12-07 22:00:00+00:00,14291.588749999999,14020.028,13789.751197252217,14250.305975504849
2025-12-07 23:00:00+00:00,13926.21025,13315.354,13085.07592677029,13545.630705022924
2025-12-08 00:00:00+00:00,13404.22725,12647.505,12417.227657903364,12877.782436155996
2025-12-08 01:00:00+00:00,13266.346249999999,12393.167,12162.889648151882,12623.444426404516
2025-12-08 02:00:00+00:00,13197.6305,12465.003,12234.72560528558,12695.280383538211
2025-12-08 03:00:00+00:00,13640.044249999999,13059.549,12829.271274889483,13289.826053142117
2025-12-08 04:00:00+00:00,15102.5225,13902.003,13671.725234045756,14132.280012298388
2025-12-08 05:00:00+00:00,17336.753,15692.242,15461.96490921816,15922.519687470794
2025-12-08 06:00:00+00:00,19763.68,17347.318,17117.04044769114,17577.595225943773
2025-12-08 07:00:00+00:00,20817.3925,18464.156,18233.87820224534,18694.432980497975
2025-12-08 08:00:00+00:00,20824.47075,18833.713,18603.43597310444,19063.990751357072
2025-12-08 09:00:00+00:00,20747.6215,19425.973,19195.695169759125,19656.24994801176
2025-12-08 10:00:00+00:00,21196.59025,19731.314,19501.0377217091,19961.59249996173
2025-12-08 11:00:00+00:00,21158.37475,19669.73,19439.453841188155,19900.00861944079
2025-12-08 12:00:00+00:00,20727.855499999998,19293.748,19063.47037383949,19524.025152092123
2025-12-08 13:00:00+00:00,20167.2015,19062.941,18832.664358746486,19293.21913699912
2025-12-08 14:00:00+00:00,19967.1805,18875.627,18645.34961420318,19105.904392455814
2025-12-08 15:00:00+00:00,20471.7235,19120.559,18890.28119696472,19350.83597521735
2025-12-08 16:00:00+00:00,20686.5475,19474.69,19244.412233081013,19704.967011333647
2025-12-08 17:00:00+00:00,20421.40025,19448.346,19218.068000759376,19678.62277901201
2025-12-08 18:00:00+00:00,19419.620750000002,18846.975,18616.696778529826,19077.251556782456
2025-12-08 19:00:00+00:00,18389.939749999998,17823.746,17593.469620623808,18054.02439887644
2025-12-08 20:00:00+00:00,17154.44225,16642.678,16412.400803804147,16872.95558205678
2025-12-08 21:00:00+00:00,16015.39325,15625.798,15395.520439958329,15856.075218210963
2025-12-08 22:00:00+00:00,14521.3685,14509.869,14279.591813236379,14740.146591489012
2025-12-08 23:00:00+00:00,13566.982,13856.106,13625.828623460682,14086.383401713316
2025-12-09 00:00:00+00:00,13011.48275,13329.393,13099.114817029033,13559.669595281664
2025-12-09 01:00:00+00:00,12518.965,13022.407,12792.12975331168,13252.684531564313
2025-12-09 02:00:00+00:00,12540.03675,13091.808,12861.530192588412,13322.084970841044
2025-12-09 03:00:00+00:00,13168.6965,13744.788,13514.510351721101,13975.065129973733
2025-12-09 04:00:00+00:00,14561.9945,15202.316,14972.039030409594,15432.593808662226
2025-12-09 05:00:00+00:00,17159.29,17293.17,17062.89322068306,17523.447998935695
2025-12-09 06:00:00+00:00,19291.4315,19261.186,19030.908839651827,19491.46361790446
2025-12-09 07:00:00+00:00,20040.6875,20179.863,19949.585102310062,20410.139880562696
2025-12-09 08:00:00+00:00,20437.1285,20352.09,20121.81194198521,20582.366720237842
2025-12-09 09:00:00+00:00,21043.671000000002,20587.014,20356.73588848888,20817.290666741515
2025-12-09 10:00:00+00:00,21251.53875,20606.459,20376.181470794796,20836.73624904743
2025-12-09 11:00:00+00:00,20921.7515,20128.086,19897.808007878837,20358.36278613147
2025-12-09 12:00:00+00:00,20057.97,19715.873,19485.59539509181,19946.150173344442
2025-12-09 13:00:00+00:00,19503.1825,19226.166,18995.887813004494,19456.442591257124
2025-12-09 14:00:00+00:00,19356.17075,19076.762,18846.484124489565,19307.038902742195
2025-12-09 15:00:00+00:00,19822.447,19484.918,19254.639832127366,19715.194610379996
2025-12-09 16:00:00+00:00,20325.38525,20279.676,20049.398917840866,20509.953696093497
2025-12-09 17:00:00+00:00,20178.51925,20271.14,20040.863959276645,20501.41873752928
2025-12-09 18:00:00+00:00,19719.549,19721.662,19491.385177818625,19951.939956071255
2025-12-09 19:00:00+00:00,18635.40975,18649.033,18418.756423004295,18879.311201256925
2025-12-09 20:00:00+00:00,17748.15625,17591.273,17360.995777924203,17821.550556176837
2025-12-09 21:00:00+00:00,16745.149,16657.463,16427.185673047163,16887.740451299796
2025-12-09 22:00:00+00:00,15477.47675,15529.286,15299.009104993802,15759.563883246434
2025-12-09 23:00:00+00:00,14726.4515,14749.685,14519.406997828992,14979.961776081625
2025-12-10 00:00:00+00:00,14069.33675,14454.985,14224.708415036042,14685.263193288676
2025-12-10 01:00:00+00:00,13743.17025,14318.081,14087.803290469476,14548.35806872211
2025-12-10 02:00:00+00:00,13749.5215,14252.857,14022.579797010081,14483.134575262713
2025-12-10 03:00:00+00:00,14194.946,14644.887,14414.609147407858,14875.163925660492
2025-12-10 04:00:00+00:00,15430.3,15695.736,15465.458798904921,15926.013577157555
2025-12-10 05:00:00+00:00,17734.5345,17793.525,17563.247705882277,18023.80248413491
2025-12-10 06:00:00+00:00,19574.492,19737.457,19507.179914330274,19967.734692582904
2025-12-10 07:00:00+00:00,20408.02825,20487.434,20257.15544811172,20717.710226364354
2025-12-10 08:00:00+00:00,20377.801,20581.584,20351.306563075515,20811.86134132815
2025-12-10 09:00:00+00:00,20605.064,20835.055,20604.776792801687,21065.33157105432
2025-12-10 10:00:00+00:00,20614.8335,20955.361,20725.08336104761,21185.638139300245
2025-12-10 11:00:00+00:00,20411.0325,20637.066,20406.789158688996,20867.34393694163
2025-12-10 12:00:00+00:00,20124.67325,20341.68,20111.401934772795,20571.95671302543
2025-12-10 13:00:00+00:00,19976.797,19892.139,19661.861368532358,20122.416146784988
2025-12-10 14:00:00+00:00,19985.55025,19694.37,19464.09168535338,19924.646463606012
2025-12-10 15:00:00+00:00,20466.291,20455.596,20225.3188522605,20685.873630513135
2025-12-10 16:00:00+00:00,21051.92625,21182.049,20951.77043880256,21412.325217055193
2025-12-10 17:00:00+00:00,21156.220999999998,21087.01,20856.73209588399,21317.28687413662
2025-12-10 18:00:00+00:00,20740.551,20366.836,20136.557496232876,20597.11227448551
2025-12-10 19:00:00+00:00,19817.9605,19314.352,19084.074113876246,19544.628892128876
2025-12-10 20:00:00+00:00,18204.075,18177.9,17947.622284178913,18408.177062431543
2025-12-10 21:00:00+00:00,17067.3395,17349.938,17119.660050259812,17580.214828512442
2025-12-10 22:00:00+00:00,15874.78875,16144.0625,15913.784833567244,16374.339611819876
2025-12-10 23:00:00+00:00,14722.50125,15288.047,15057.7692338266,15518.324012079234
2025-12-11 00:00:00+00:00,13906.5945,14995.58,14765.3025943358,15225.857372588433
2025-12-11 01:00:00+00:00,13677.3805,14595.623,14365.345781687889,14825.90055994052
2025-12-11 02:00:00+00:00,13743.52775,14424.196,14193.91873811219,14654.473516364822
2025-12-11 03:00:00+00:00,13975.205,14566.3,14336.022830720645,14796.577608973277
2025-12-11 04:00:00+00:00,15212.57,15665.674,15435.39621887003,15895.950997122662
2025-12-11 05:00:00+00:00,17608.07325,17967.781,17737.503668750294,18198.058447002928
2025-12-11 06:00:00+00:00,19435.694,20003.518,19773.24066653338,20233.79544478601
2025-12-11 07:00:00+00:00,20117.34575,20844.234,20613.95621551144,21074.510993764074
2025-12-11 08:00:00+00:00,20472.06975,21028.545,20798.266590260788,21258.82136851342
2025-12-11 09:00:00+00:00,20714.829749999997,21231.549,21001.270448940173,21461.825227192807
2025-12-11 10:00:00+00:00,20761.79425,21521.436,21291.158267835093,21751.713046087727
2025-12-11 11:00:00+00:00,20775.2135,21309.635,21079.356568234514,21539.911346487148
2025-12-11 12:00:00+00:00,20522.85675,21025.967,20795.689739606038,21256.24451785867
2025-12-11 13:00:00+00:00,20190.016499999998,20676.666,20446.387825562575,20906.94260381521
2025-12-11 14:00:00+00:00,19711.917,20534.787,20304.510150443333,20765.064928695967
2025-12-11 15:00:00+00:00,20088.157,21037.158,20806.88135239766,21267.43613065029
2025-12-11 16:00:00+00:00,20589.83925,21613.496,21383.218059762625,21843.77283801526
2025-12-11 17:00:00+00:00,20284.406,21450.584,21220.306107685265,21680.8608859379
2025-12-11 18:00:00+00:00,19847.342,20838.44,20608.16207376595,21068.716852018584
2025-12-11 19:00:00+00:00,18754.256999999998,19596.867,19366.589826265586,19827.14460451822
2025-12-11 20:00:00+00:00,17554.195,18526.531,18296.254250583053,18756.809028835683
2025-12-11 21:00:00+00:00,16729.62675,17726.693,17496.415566877513,17956.970345130147
2025-12-11 22:00:00+00:00,15545.146999999999,16516.82,16286.543067190181,16747.097845442815
2025-12-11 23:00:00+00:00,14333.50875,15752.018,15521.739933208619,15982.29471146125
2025-12-12 00:00:00+00:00,13726.535750000001,15088.462,14858.184648074408,15318.739426327042
2025-12-12 01:00:00+00:00,13460.5535,14525.03,14294.75256401277,14755.307342265402
2025-12-12 02:00:00+00:00,13263.94925,14456.276,14225.999103700038,14686.55388195267
2025-12-12 03:00:00+00:00,13715.26775,14630.021,14399.743887801214,14860.298666053848
2025-12-12 04:00:00+00:00,15202.7475,15560.988,15330.710466482014,15791.265244734646
2025-12-12 05:00:00+00:00,17494.17875,17477.379,17247.101158493562,17707.655936746196
2025-12-12 06:00:00+00:00,19369.3725,19354.72,19124.44332112778,19584.998099380413
2025-12-12 07:00:00+00:00,20303.016,20384.238,20153.96104594446,20614.515824197093
2025-12-12 08:00:00+00:00,20344.429,20559.465,20329.18756108576,20789.74233933839
2025-12-12 09:00:00+00:00,20424.39225,20633.271,20402.994465278483,20863.549243531117
2025-12-12 10:00:00+00:00,20561.002500000002,20512.793,20282.514877522102,20743.069655774736
2025-12-12 11:00:00+00:00,20215.43575,20103.719,19873.441093489673,20333.995871742307
2025-12-12 12:00:00+00:00,19575.09825,19538.037,19307.76051023765,19768.315288490285
2025-12-12 13:00:00+00:00,19029.40475,19078.959,18848.681740519653,19309.236518772286
2025-12-12 14:00:00+00:00,19010.0065,19082.982,18852.70578537426,19313.260563626893
2025-12-12 15:00:00+00:00,19411.5225,19488.025,19257.74714182386,19718.301920076494
2025-12-12 16:00:00+00:00,19879.470999999998,20130.443,19900.166572290746,20360.72135054338
2025-12-12 17:00:00+00:00,19475.49625,20085.592,19855.31461729642,20315.869395549053
2025-12-12 18:00:00+00:00,18840.40525,19262.648,19032.370787453354,19492.925565705984
2025-12-12 19:00:00+00:00,17762.54475,18054.092,17823.81357973734,18284.368357989973
2025-12-12 20:00:00+00:00,16814.52525,17034.01,16803.73262738676,17264.287405639392
2025-12-12 21:00:00+00:00,16354.89225,16248.018,16017.740659895524,16478.295438148158
2025-12-12 22:00:00+00:00,14885.54925,15088.321,14858.044153549446,15318.598931802078
2025-12-12 23:00:00+00:00,13860.86175,14194.385,13964.107585204307,14424.662363456939
2025-12-13 00:00:00+00:00,13273.80325,13676.36,13446.082979536117,13906.63775778875
2025-12-13 01:00:00+00:00,12758.478500000001,13371.056,13140.77848517226,13601.333263424895
2025-12-13 02:00:00+00:00,12770.9005,13330.431,13100.153604710024,13560.708382962657
2025-12-13 03:00:00+00:00,12794.719,13539.97,13309.692470654962,13770.247248907594
2025-12-13 04:00:00+00:00,13338.53875,13797.73,13567.453315993129,14028.008094245763
2025-12-13 05:00:00+00:00,14200.278,14186.351,13956.0735784785,14416.628356731133
2025-12-13 06:00:00+00:00,15027.0815,15026.601,14796.323550731237,15256.878328983868
2025-12-13 07:00:00+00:00,16054.141,16162.253,15931.975961551894,16392.530739804526
2025-12-13 08:00:00+00:00,16724.9495,17036.734,16806.456091958073,17267.010870210706
2025-12-13 09:00:00+00:00,17283.52275,17751.969,17521.69167196939,17982.246450222025
2025-12-13 10:00:00+00:00,17443.16175,17942.43,17712.15211910444,18172.70689735707
2025-12-13 11:00:00+00:00,17315.70575,17874.564,17644.28706032844,18104.84183858107
2025-12-13 12:00:00+00:00,16823.881999999998,17585.66,17355.382870762824,17815.937649015457
2025-12-13 13:00:00+00:00,16456.097,17207.78,16977.500966954234,17438.055745206868
2025-12-13 14:00:00+00:00,16360.77975,17206.781,16976.504512050753,17437.059290303387
2025-12-13 15:00:00+00:00,16816.79325,17931.28,17701.00258760848,18161.557365861114
2025-12-13 16:00:00+00:00,17280.38275,18706.951,18476.67369820192,18937.228476454555
2025-12-13 17:00:00+00:00,17179.636,18548.305,18318.027548861028,18778.582327113658
2025-12-13 18:00:00+00:00,16728.1315,17970.113,17739.836246704723,18200.391024957356
2025-12-13 19:00:00+00:00,16114.825499999999,16797.705,16567.42796171801,17027.982739970645
2025-12-13 20:00:00+00:00,15489.98475,15856.582,15626.304936326032,16086.859714578664
2025-12-13 21:00:00+00:00,15060.1545,15453.317,15223.039708402228,15683.594486654862
2025-12-13 22:00:00+00:00,13674.5305,14345.868,14115.591028590556,14576.14580684319
2025-12-13 23:00:00+00:00,12590.9155,13467.07,13236.792745310177,13697.34752356281
2025-12-14 00:00:00+00:00,11985.51075,12949.912,12719.63491373991,13180.189691992544
2025-12-14 01:00:00+00:00,11638.228,12641.481,12411.203829404652,12871.758607657284
2025-12-14 02:00:00+00:00,11328.20875,12274.626,12044.348817778166,12504.903596030797
2025-12-14 03:00:00+00:00,11533.98025,12399.888,12169.61024902022,12630.165027272851
2025-12-14 04:00:00+00:00,11888.87925,12550.316,12320.039312850988,12780.59409110362
2025-12-14 05:00:00+00:00,12134.1175,12682.466,12452.188664216645,12912.743442469278
2025-12-14 06:00:00+00:00,12956.4915,13005.414,12775.136621973736,13235.691400226367
2025-12-14 07:00:00+00:00,13942.3225,13860.431,13630.15360825838,14090.708386511013
2025-12-14 08:00:00+00:00,14999.3265,14808.85,14578.571874467565,15039.126652720197
2025-12-14 09:00:00+00:00,15741.978,15627.849,15397.571588769599,15858.126367022232
2025-12-14 10:00:00+00:00,16323.2585,16260.1045,16029.82700318368,16490.381781436314
2025-12-14 11:00:00+00:00,16291.6805,16495.44,16265.162206333815,16725.71698458645
2025-12-14 12:00:00+00:00,15742.0175,16135.062,15904.784591673188,16365.339369925821
2025-12-14 13:00:00+00:00,15422.405,15867.448,15637.171106721938,16097.725884974572
2025-12-14 14:00:00+00:00,15540.42575,15911.728,15681.44973025888,16142.004508511514
2025-12-14 15:00:00+00:00,16244.449250000001,16489.611,16259.334282193598,16719.889060446232
2025-12-14 16:00:00+00:00,16867.66,17321.213,17090.934787814636,17551.489566067266
2025-12-14 17:00:00+00:00,16740.93075,17309.328,17079.049755744676,17539.60453399731
2025-12-14 18:00:00+00:00,16349.71925,16717.826,16487.54961513029,16948.10439338292
2025-12-14 19:00:00+00:00,15780.22475,15867.306,15637.027809222227,16097.58258747486
2025-12-14 20:00:00+00:00,14936.68925,15206.446,14976.168823380694,15436.723601633326
2025-12-14 21:00:00+00:00,14378.89525,14940.977,14710.698760121593,15171.253538374225
2025-12-14 22:00:00+00:00,13642.81475,14248.677,14018.399498101457,14478.95427635409
2025-12-14 23:00:00+00:00,12750.7475,13646.149,13415.872129995838,13876.426908248472
2025-12-15 00:00:00+00:00,12352.7665,13077.729,12847.451065234216,13308.005843486848
2025-12-15 01:00:00+00:00,12025.55275,12916.11,12685.833071084855,13146.387849337489
2025-12-15 02:00:00+00:00,12095.273000000001,12889.945,12659.66789383799,13120.222672090624
2025-12-15 03:00:00+00:00,12691.8745,13434.955,13204.678178191192,13665.232956443826
2025-12-15 04:00:00+00:00,14268.963749999999,14697.476,14467.19785758532,14927.752635837955
2025-12-15 05:00:00+00:00,16808.608500000002,16986.266,16755.98896646575,17216.54374471838
2025-12-15 06:00:00+00:00,18762.241,18912.191,18681.91339815208,19142.468176404713
2025-12-15 07:00:00+00:00,19903.145,20089.412,19859.133788273335,20319.68856652597
2025-12-15 08:00:00+00:00,20173.89425,20195.984,19965.707100531414,20426.261878784047
2025-12-15 09:00:00+00:00,20586.30675,20420.889,20190.611339648585,20651.166117901215
2025-12-15 10:00:00+00:00,20621.71725,20523.691,20293.414771371674,20753.969549624308
2025-12-15 11:00:00+00:00,20445.21775,20298.79,20068.510867563633,20529.065645816267
2025-12-15 12:00:00+00:00,19765.8115,19901.07,19670.79366841419,20131.348446666823
2025-12-15 13:00:00+00:00,19186.40825,19461.168,19230.890221844304,19691.445000096934
2025-12-15 14:00:00+00:00,18979.61,19329.35,19099.07282651615,19559.62760476878
2025-12-15 15:00:00+00:00,19567.98925,20078.146,19847.868072164252,20308.422850416886
2025-12-15 16:00:00+00:00,20160.3085,20437.67,20207.39289092626,20667.947669178895
2025-12-15 17:00:00+00:00,20016.22725,20314.754,20084.47594111271,20545.030719365343
2025-12-15 18:00:00+00:00,19471.586,19761.025,19530.74879299292,19991.30357124555
2025-12-15 19:00:00+00:00,18375.38,18624.156,18393.879671084804,18854.434449337437
2025-12-15 20:00:00+00:00,17356.47775,17511.818,17281.540256147884,17742.095034400518
2025-12-15 21:00:00+00:00,16338.279,16627.885,16397.606545905524,16858.161324158158
2025-12-15 22:00:00+00:00,15047.64725,15557.237,15326.959950049217,15787.514728301849
2025-12-15 23:00:00+00:00,14183.9765,14808.359,14578.081820175837,15038.636598428471
2025-12-16 00:00:00+00:00,13472.813,13837.578,13607.300614585703,14067.855392838335
2025-12-16 01:00:00+00:00,13234.076000000001,13612.369,13382.092082434154,13842.646860686787
2025-12-16 02:00:00+00:00,13154.18175,13607.432,13377.154655512722,13837.709433765354
2025-12-16 03:00:00+00:00,13586.95,13973.299,13743.021511136665,14203.576289389299
2025-12-16 04:00:00+00:00,14913.111499999999,15281.877,15051.599252461378,15512.154030714011
2025-12-16 05:00:00+00:00,17392.99325,17569.664,17339.385942846515,17799.94072109915
2025-12-16 06:00:00+00:00,19599.605499999998,19735.143,19504.865610723366,19965.420388976
2025-12-16 07:00:00+00:00,20794.00325,20481.723,20251.44446303017,20711.9992412828
2025-12-16 08:00:00+00:00,20764.50675,20490.498,20260.221179476248,20720.775957728878
2025-12-16 09:00:00+00:00,20534.50825,20667.205,20436.927078493765,20897.4818567464
2025-12-16 10:00:00+00:00,20427.6965,20775.021,20544.744052310525,21005.29883056316
2025-12-16 11:00:00+00:00,20121.1705,20588.107,20357.828996248736,20818.38377450137
2025-12-16 12:00:00+00:00,19564.021999999997,20270.756,20040.47768316028,20501.032461412913
2025-12-16 13:00:00+00:00,19297.4435,19950.28,19720.002630228017,20180.557408480647
2025-12-16 14:00:00+00:00,19607.75475,19995.242,19764.963895998328,20225.51867425096
2025-12-16 15:00:00+00:00,20092.4045,20415.736,20185.459314884727,20646.01409313736
2025-12-16 16:00:00+00:00,20531.60925,21019.664,20789.385927984786,21249.94070623742
2025-12-16 17:00:00+00:00,20358.688000000002,20925.752,20695.47388842982,21156.02866668245
2025-12-16 18:00:00+00:00,19727.1115,20200.695,19970.41852910004,20430.973307352673
2025-12-16 19:00:00+00:00,18589.61725,18962.133,18731.85501041231,19192.409788664943
2025-12-16 20:00:00+00:00,17577.3825,17950.107,17719.830195190036,18180.38497344267
2025-12-16 21:00:00+00:00,16804.749,16958.643,16728.365194508646,17188.91997276128
2025-12-16 22:00:00+00:00,15761.9485,15906.1045,15675.827361093025,16136.382139345656
2025-12-16 23:00:00+00:00,14736.11325,15138.042,14907.764126475546,15368.318904728178
2025-12-17 00:00:00+00:00,14104.3775,14623.536,14393.259176904981,14853.813955157615
2025-12-17 01:00:00+00:00,13730.613000000001,14386.18,14155.902395017374,14616.457173270006
2025-12-17 02:00:00+00:00,13608.57725,14229.324,13999.046796424216,14459.60157467685
2025-12-17 03:00:00+00:00,13974.84725,14558.01,14327.731893374903,14788.286671627535
2025-12-17 04:00:00+00:00,15278.75425,15721.445,15491.167641384323,15951.722419636957
2025-12-17 05:00:00+00:00,17542.99675,17886.332,17656.055069512448,18116.60984776508
2025-12-17 06:00:00+00:00,19241.2575,20016.068,19785.790951914856,20246.34573016749
2025-12-17 07:00:00+00:00,20212.922,20816.1,20585.822773678578,21046.37755193121
2025-12-17 08:00:00+00:00,20109.8875,21000.334,20770.056027328304,21230.610805580938
2025-12-17 09:00:00+00:00,20221.51225,21164.693,20934.41517360552,21394.969951858155
2025-12-17 10:00:00+00:00,20194.80425,21355.688,21125.4099358373,21585.964714089932
2025-12-17 11:00:00+00:00,19781.0315,21088.49,20858.21315630585,21318.767934558484
2025-12-17 12:00:00+00:00,19469.2345,20760.066,20529.789265166495,20990.344043419125
2025-12-17 13:00:00+00:00,19364.98775,20486.594,20256.3154987441,20716.870276996735
2025-12-17 14:00:00+00:00,19492.93925,20433.74,20203.46273262772,20664.01751088035
2025-12-17 15:00:00+00:00,19975.725749999998,20784.482,20554.20479937933,21014.759577631965
2025-12-17 16:00:00+00:00,20450.89425,21554.135,21323.857614074688,21784.412392327322
2025-12-17 17:00:00+00:00,20362.65625,21380.34,21150.06286891332,21610.617647165953
2025-12-17 18:00:00+00:00,19408.48775,20674.818,20444.539936953814,20905.094715206447
2025-12-17 19:00:00+00:00,18360.24275,19456.818,19226.54059182564,19687.09537007827
2025-12-17 20:00:00+00:00,17193.468,18402.338,18172.0602759525,18632.615054205133
2025-12-17 21:00:00+00:00,16228.8825,17520.23,17289.95383280748,17750.508611060115
2025-12-17 22:00:00+00:00,15066.241750000001,16331.696,16101.418855271619,16561.973633524252
2025-12-17 23:00:00+00:00,14019.811249999999,15124.642,14894.364670725407,15354.91944897804
2025-12-18 00:00:00+00:00,13590.5975,14608.656,14378.378996042107,14838.93377429474
2025-12-18 01:00:00+00:00,13266.887999999999,14377.999,14147.72118758403,14608.275965836661
2025-12-18 02:00:00+00:00,13292.71825,14338.318,14108.041040592158,14568.59581884479
2025-12-18 03:00:00+00:00,14092.2615,14682.578,14452.300240647748,14912.855018900382
2025-12-18 04:00:00+00:00,15499.411499999998,15765.439,15535.162095673822,15995.716873926456
2025-12-18 05:00:00+00:00,17267.90325,18030.607,17800.32919897515,18260.883977227782
2025-12-18 06:00:00+00:00,18982.154,19962.93,19732.652167111617,20193.206945364247
2025-12-18 07:00:00+00:00,19719.373,20890.46,20660.183273242936,21120.73805149557
2025-12-18 08:00:00+00:00,19684.06575,21055.896,20825.61876182357,21286.1735400762
2025-12-18 09:00:00+00:00,19507.47025,21017.146,20786.86909766409,21247.42387591672
2025-12-18 10:00:00+00:00,19588.04825,21132.814,20902.53632880408,21363.09110705671
2025-12-18 11:00:00+00:00,19005.90325,20875.549,20645.27140566739,21105.82618392002
2025-12-18 12:00:00+00:00,18285.80425,20500.51,20270.23149820714,20730.786276459774
2025-12-18 13:00:00+00:00,17841.331,20017.12,19786.841475415356,20247.39625366799
2025-12-18 14:00:00+00:00,17755.86625,20016.9,19786.623189172515,20247.177967425145
2025-12-18 15:00:00+00:00,18602.4425,20716.309,20486.030417932023,20946.585196184653
2025-12-18 16:00:00+00:00,19553.31825,21369.816,21139.53885659712,21600.093634849753
2025-12-18 17:00:00+00:00,19622.76525,21060.809,20830.530369942084,21291.085148194717
2025-12-18 18:00:00+00:00,19000.3255,20438.232,20207.955539644372,20668.510317897006
2025-12-18 19:00:00+00:00,18434.3235,19373.893,19143.61562649373,19604.170404746365
2025-12-18 20:00:00+00:00,17647.9515,18582.621,18352.343755719645,18812.89853397228
2025-12-18 21:00:00+00:00,16653.8855,17738.543,17508.265223834387,17968.820002087017
2025-12-18 22:00:00+00:00,15177.018250000001,16566.889,16336.611552042017,16797.16633029465
2025-12-18 23:00:00+00:00,14347.2135,15623.313,15393.036197493586,15853.59097574622
2025-12-19 00:00:00+00:00,14061.6855,14867.995,14637.717973794925,15098.272752047558
2025-12-19 01:00:00+00:00,13674.860499999999,14486.127,14255.84916061774,14716.403938870373
2025-12-19 02:00:00+00:00,13430.75625,14416.223,14185.94525468413,14646.500032936763
2025-12-19 03:00:00+00:00,13385.213,14596.962,14366.684084248172,14827.238862500804
2025-12-19 04:00:00+00:00,14235.89425,15515.201,15284.923795377543,15745.478573630176
2025-12-19 05:00:00+00:00,15765.79675,17040.307,16810.029062207177,17270.58384045981
2025-12-19 06:00:00+00:00,17115.29325,18861.107,18630.83039361745,19091.385171870083
2025-12-19 07:00:00+00:00,18283.29675,19847.752,19617.475493227048,20078.030271479678
2025-12-19 08:00:00+00:00,18466.14775,20054.547,19824.269015680016,20284.82379393265
2025-12-19 09:00:00+00:00,18148.71875,20225.537,19995.260241215572,20455.815019468202
2025-12-19 10:00:00+00:00,18381.483,20269.674,20039.396311219934,20499.951089472564
2025-12-19 11:00:00+00:00,18193.7535,19973.732,19743.454486004714,20204.009264257344
2025-12-19 12:00:00+00:00,17425.245,19679.709,19449.4309643153,19909.985742567933
2025-12-19 13:00:00+00:00,17171.69375,19297.305,19067.027333077694,19527.582111330325
2025-12-19 14:00:00+00:00,17233.769500000002,19310.623,19080.344805745844,19540.899583998475
2025-12-19 15:00:00+00:00,17874.86,19941.79,19711.511261850537,20172.06604010317
2025-12-19 16:00:00+00:00,18117.96375,20414.86,20184.581140276427,20645.13591852906
2025-12-19 17:00:00+00:00,17832.70025,20207.562,19977.28431882114,20437.839097073775
2025-12-19 18:00:00+00:00,17283.69225,19578.287,19348.00900620282,19808.563784455455
2025-12-19 19:00:00+00:00,16468.40075,18609.352,18379.07392884852,18839.628707101154
2025-12-19 20:00:00+00:00,15556.54175,17497.629,17267.35064443575,17727.905422688385
2025-12-19 21:00:00+00:00,15025.94425,16683.904,16453.62756415256,16914.182342405195
2025-12-19 22:00:00+00:00,13858.51325,15458.234,15227.957058689573,15688.511836942207
2025-12-19 23:00:00+00:00,12975.667,14329.5205,14099.242696707273,14559.797474959907
2025-12-20 00:00:00+00:00,12358.352499999999,13757.008,13526.730189956157,13987.284968208789
2025-12-20 01:00:00+00:00,11978.722,13408.99,13178.713180494216,13639.267958746848
2025-12-20 02:00:00+00:00,11808.1065,13260.58,13030.302342309635,13490.857120562267
2025-12-20 03:00:00+00:00,11953.954249999999,13429.603,13199.325470913755,13659.880249166388
2025-12-20 04:00:00+00:00,12595.27975,13727.988,13497.710861405032,13958.265639657664
2025-12-20 05:00:00+00:00,13217.445,14167.722,13937.444641555752,14397.999419808386
2025-12-20 06:00:00+00:00,14322.942500000001,15277.099,15046.821181203404,15507.375959456036
2025-12-20 07:00:00+00:00,15498.40025,16342.999,16112.721874521281,16573.276652773915
2025-12-20 08:00:00+00:00,16076.87125,17295.406,17065.128558990138,17525.68333724277
2025-12-20 09:00:00+00:00,16459.81875,17812.148,17581.870607240708,18042.42538549334
2025-12-20 10:00:00+00:00,16589.6415,17830.068,17599.791538938014,18060.346317190648
2025-12-20 11:00:00+00:00,16503.391,17544.227,17313.94855406369,17774.503332316322
2025-12-20 12:00:00+00:00,16150.50675,17029.125,16798.84717338029,17259.401951632924
2025-12-20 13:00:00+00:00,15885.969,16644.355,16414.078103893637,16874.63288214627
2025-12-20 14:00:00+00:00,16140.9305,16610.787,16380.509133428526,16841.063911681158
2025-12-20 15:00:00+00:00,16860.819499999998,17355.533,17125.25619196475,17585.810970217382
2025-12-20 16:00:00+00:00,17339.483,18134.418,17904.13973166656,18364.694509919194
2025-12-20 17:00:00+00:00,17197.477,18158.982,17928.7054843691,18389.26026262173
2025-12-20 18:00:00+00:00,16654.42275,17272.53,17042.252596642138,17502.80737489477
2025-12-20 19:00:00+00:00,15347.117750000001,16139.319,15909.041760199587,16369.59653845222
2025-12-20 20:00:00+00:00,14425.65625,15344.034,15113.756553506195,15574.311331758829
2025-12-20 21:00:00+00:00,14159.839,14732.325,14502.048044231538,14962.60282248417
2025-12-20 22:00:00+00:00,13481.205750000001,13856.679,13626.400996143528,14086.955774396161
2025-12-20 23:00:00+00:00,12382.905,13065.33,12835.053010197207,13295.60778844984
2025-12-21 00:00:00+00:00,11773.16425,12546.259,12315.981401774372,12776.536180027004
2025-12-21 01:00:00+00:00,11493.111499999999,12491.564,12261.287117922675,12721.841896175307
2025-12-21 02:00:00+00:00,11266.746500000001,12320.325,12090.047763631816,12550.602541884447
2025-12-21 03:00:00+00:00,11172.080249999999,12499.128,12268.85035063166,12729.405128884293
2025-12-21 04:00:00+00:00,11626.706250000001,12789.071,12558.793830841956,13019.34860909459
2025-12-21 05:00:00+00:00,11841.8155,12979.305,12749.027776660507,13209.58255491314
2025-12-21 06:00:00+00:00,12764.14125,13542.492,13312.214833576283,13772.769611828917
2025-12-21 07:00:00+00:00,13654.19975,14306.215,14075.93703571073,14536.491813963363
2025-12-21 08:00:00+00:00,14470.28225,15184.381,14954.10368041975,15414.658458672382
2025-12-21 09:00:00+00:00,15041.658,15983.411,15753.133923337366,16213.688701589997
2025-12-21 10:00:00+00:00,15299.67375,16371.8545,16141.576859685658,16602.13163793829
2025-12-21 11:00:00+00:00,15039.63625,16200.5205,15970.24294822048,16430.797726473113
2025-12-21 12:00:00+00:00,14761.471249999999,15553.161,15322.883764625081,15783.438542877715
2025-12-21 13:00:00+00:00,14353.9595,15021.938,14791.661077295412,15252.215855548046
2025-12-21 14:00:00+00:00,14703.09425,14997.087,14766.809138251454,15227.363916504086
2025-12-21 15:00:00+00:00,15580.34475,16211.509,15981.231824730106,16441.78660298274
2025-12-21 16:00:00+00:00,16312.05425,17595.53,17365.252192005064,17825.806970257698
2025-12-21 17:00:00+00:00,16384.0425,17535.436,17305.157419325074,17765.712197577708
2025-12-21 18:00:00+00:00,15678.121500000001,16926.771,16696.49498391727,17157.0497621699
2025-12-21 19:00:00+00:00,14902.52675,16017.506,15787.228501340265,16247.783279592897
2025-12-21 20:00:00+00:00,14245.6485,15433.652,15203.374833926086,15663.929612178717
2025-12-21 21:00:00+00:00,14017.00575,15123.504,14893.226715369576,15353.78149362221
2025-12-21 22:00:00+00:00,13223.01425,14501.997,14271.71950933793,14732.274287590564
2025-12-21 23:00:00+00:00,12811.62725,13759.317,13529.039966889826,13989.594745142458
2025-12-22 00:00:00+00:00,12308.945,13270.445,13040.167472187763,13500.722250440394
2025-12-22 01:00:00+00:00,12132.54675,12858.068,12627.791060891319,13088.34583914395
2025-12-22 02:00:00+00:00,11858.1545,12808.853,12578.57472227666,13039.129500529294
2025-12-22 03:00:00+00:00,14580.19225,13171.112,12940.835160565905,13401.389938818538
2025-12-22 04:00:00+00:00,13240.891749999999,14076.197,13845.91966768864,14306.474445941272
2025-12-22 05:00:00+00:00,14315.0795,15825.568,15595.290872104953,16055.845650357587
2025-12-22 06:00:00+00:00,15611.35125,17356.342,17126.06462227426,17586.619400526895
2025-12-22 07:00:00+00:00,17014.90325,18775.645,18545.36747348973,19005.922251742362
2025-12-22 08:00:00+00:00,17472.62625,19510.62,19280.340941539984,19740.895719792617
2025-12-22 09:00:00+00:00,18893.697500000002,19768.646,19538.36869294467,19998.9234711973
2025-12-22 10:00:00+00:00,17966.77075,19915.742,19685.465789962655,20146.020568215285
2025-12-22 11:00:00+00:00,17785.66475,19709.783,19479.50651662211,19940.061294874744
2025-12-22 12:00:00+00:00,17628.29775,19442.684,19212.40630611976,19672.96108437239
2025-12-22 13:00:00+00:00,17423.110249999998,19039.816,18809.538423442973,19270.093201695607
2025-12-22 14:00:00+00:00,17250.12225,18801.73,18571.4535177822,19032.00829603483
2025-12-22 15:00:00+00:00,17768.186,19325.203,19094.92639382953,19555.481172082164
2025-12-22 16:00:00+00:00,17983.682249999998,19686.396,19456.118704889013,19916.673483141647
2025-12-22 17:00:00+00:00,17741.99775,19717.773,19487.49559192466,19948.050370177294
2025-12-22 18:00:00+00:00,17017.760000000002,18918.215,18687.93655603253,19148.491334285165
2025-12-22 19:00:00+00:00,16063.5055,17955.154,17724.877435851147,18185.43221410378
2025-12-22 20:00:00+00:00,15331.6895,16910.684,16680.405594508695,17140.96037276133
2025-12-22 21:00:00+00:00,14749.97675,16221.537,15991.259537622058,16451.81431587469
2025-12-22 22:00:00+00:00,13813.32925,15265.9795,15035.701743701755,15496.256521954387
2025-12-22 23:00:00+00:00,13048.11925,14418.682,14188.40424418011,14648.959022432744
